key,name,week,text
dillon,Tan Jun Rong Dillon,Week 1,"Week 1 Project Kick-off Activities & Contributions: Participated in the team's first discussions after the FYP briefing. Helped interpret project expectations and understand the project titles scope related to spatial-textual recommendation. Contributed to early brainstorming of potential system features and problem framing. Started familiarising myself with the supervisors expectations and deliverables. Prepared the meeting minutes for the week. Reflection: This first week gave me clarity about the scale of the project. Coming together as a group and figuring out communication channels helped us build a foundation for smoother collaboration. Understanding the projects expectations early was useful because it allowed me to anticipate the types of documentation and technical work required. Even though the tasks were mostly introductory, the discussions provided direction and reduced uncertainty."
dillon,Tan Jun Rong Dillon,Week 2,"Week 2 Requirements Drafting & User Research Survey Design Activities & Contributions: Designed the Google Forms survey to gather insights from potential users. Drafted and refined Part 1 to 4 of the Project Requirements (problem statement, objectives, functional and non-functional requirements). Ensured strong alignment between early project vision and the written requirement sections. Began planning how survey results would feed into user stories and system validation. Prepared the meeting minutes for the week. Reflection: This week marked the start of deeper involvement in our documentation. Drafting the requirements made me think critically about the projects direction and forced me to translate conceptual ideas into structured documentation. Designing the user survey also helped me understand how user research supports the rationale behind requirements and system features. I learned to phrase questions clearly so that responses would be meaningful for downstream use. Through this process, I also realised how interconnected the early documentation is and clear requirements lead to clearer user stories and smoother PRD development later."
dillon,Tan Jun Rong Dillon,Week 3,"Week 3 Survey Results Compilation & Requirement Refinement Activities & Contributions: Compiled all survey responses and extracted key points relevant to user needs and expectations. Discussed the results with the team to align them with emerging user stories. Refined previously drafted requirements to better reflect real user data. Supported PRD planning discussions. Prepared the meeting minutes for the week. Reflection: Analysing the survey responses provided a stronger foundation for the system justification. This week showed me the importance of tying user feedback to requirement refinement and what users expect must directly influence what the system delivers. As I interpreted the results, I learned how to group feedback, identify patterns, and consider how the insights inform system behaviour. Refining Parts 1 to 4 of PRD again polished the documentation and helped strengthen the link between research and requirements. This step also helped the team avoid later misalignment."
dillon,Tan Jun Rong Dillon,Week 4,"Week 4 Survey Transcripts, Proposal Refinement & PRD Preparation Activities & Contributions: Compiled survey transcripts for the PRD. Refined the Project Proposal, ensuring it followed the official template. Ensured user stories were complete so that diagrams and descriptions could be finalised in Week 5. Evaluated potential app names and finalised SpatiaLynk. Assisted in aligning PRD responsibilities for the upcoming week. Prepared the meeting minutes for the week. Reflection: This week was heavily documentation-focused, and I realised how important it is to present information professionally and consistently. Compiling the survey transcripts was meticulous but necessary, as these provide justification for stakeholder profiles and functional requirements. Refining the proposal helped me pay attention to writing structure, formatting, and alignment with academic expectations. Helping ensure user stories were ready before Week 5 required understanding how they flow into use case descriptions, which taught me how documentation builds. Deciding the app name together also helped strengthen team identity."
dillon,Tan Jun Rong Dillon,Week 5,"Week 5 (Part 1) Early PRD Proofreading & Preparation Activities & Contributions: Collaborated with Nevin to thoroughly proofread the PRD drafts. Checked for consistency between requirements, user stories, survey findings, and structural layout. Identified unclear or incomplete sections and refined wording for clarity. Ensured the PRD matched the expectations set by the supervisor. Participated in the full-team meeting to finalise all PRD sections. Ensured previously refined proposal, survey transcripts, and requirement sections were correctly integrated. Cross-checked formatting, table structures, diagram references, and coherence across sections. Joined group discussions about the Technical Manual, UML diagrams, and post-PRD planning. PRD was successfully submitted by the team. Prepared the meeting minutes for Week 5. Reflection: This phase required careful attention to detail. Proofreading the PRD made me more aware of how multiple sections must align in tone, terminology, and content. I gained a better understanding of document organisation and how small inconsistencies can affect the doucment. Working with Nevin allowed us to double-check each others work and strengthened teamwork. This week also highlighted the difference between drafting content and refining it for submission. The exercise helped me improve my editing and critical-thinking skills, which will be important for future technical documentation. I learned the importance of maintaining consistency in professional documentation and ensuring all parts align with the expected deliverable structure. Discussing the upcoming Technical Manual helped me anticipate the next wave of tasks, and I realised how the PRD sets the groundwork for later development work. The week reinforced the value of communication and coordination, especially when submitting major deliverables."
dillon,Tan Jun Rong Dillon,Week 6,"Week 6 Exam Period + Early Technical Manual Preparation Activities & Contributions: Conducted light reading on recommender / ranking algorithms to prepare for technical work. Began exploring testing strategies, such as black-box, scenario-based, and boundary testing, for inclusion in the Technical Manual. Started conceptualising activity diagrams based on system behaviour. Prepared the meeting minutes for the week. Reflection: Balancing exams and FYP required careful time management this week. The lighter workload still gave me room to build foundational knowledge for upcoming tasks. Reading about ranking algorithms broadened my understanding of how recommendation systems function behind the scenes. Looking into testing strategies was particularly useful because it made me think about quality assurance from the start rather than after development. Drafting early ideas for activity diagrams helped me prepare for more detailed UML work. This week strengthened my planning ability and made me more conscious of how to integrate FYP tasks into a busy academic schedule."
dillon,Tan Jun Rong Dillon,Week 7,"Week 7 Activity Flows Development & Technical Structuring Activities & Contributions: Began drafting activity flows for key user interactions, forming the foundation for later UML activity diagrams. Discussed flow logic with the team to verify system behaviour understanding. Continued studying algorithm concepts to understand how ranking and database logic will interact. Prepared the meeting minutes for the week. Reflection: Developing activity flows this week required precise interpretation of system behaviour and user processes. It challenged me to visualise the entire system step-by-step and express it clearly. Translating requirements into logical flows improved my ability to structure system interactions, which is crucial for both documentation and implementation. Reviewing algorithm structures alongside flow design helped me see how front-end behaviour and backend logic must interact seamlessly. This deeper dive into system flow design improved my technical understanding and strengthened the foundation for subsequent Technical Manual work."
dillon,Tan Jun Rong Dillon,Week 8,"Week 8 Completion of Activity Diagrams, Testing Strategies & Dataset Selection Activities & Contributions: Completed the preliminary Activity Diagrams for inclusion in the Technical Manual. Finalised the preminary Testing Strategies section, describing test types and intentions. Searched for datasets and identified the Singapore POI dataset, which the team agreed was appropriate for initial data cleaning and experimentation. Discussed dataset suitability with the team and ensured it aligned with system goals. Prepared the meeting minutes for the week. Reflection: Finishing the activity diagrams and testing section gave me a stronger sense of confidence in my documentation contributions. These sections formed a major part of the Technical Manual, and completing them early allowed the team to progress more efficiently. Finding a suitable dataset was another major achievement because the dataset directly influences candidate generation, algorithm performance, and prototype direction. Evaluating the dataset improved my understanding of data quality, structure, and preprocessing requirements. This week also deepened my skills in technical writing, diagram creation, and technical decision-making."
dillon,Tan Jun Rong Dillon,Week 9,"Week 9 Prototype Planning: Database & Candidate Generation & Explainability Activities & Contributions: Took ownership of Database & Candidate Generation, analysing dataset structure and planning how candidate filtering should operate. Took ownership of Explainability, researching methods for generating meaningful recommendation explanations. Coordinated with Brian and Nevin to ensure dependencies (Understanding prompts via NLP + GeoParser and Personalised ranker; respectively) aligned with database and explainability needs. Prepared the meeting minutes for the week. Reflection: This was one of the most technically intensive weeks so far. Working on two major prototype components forced me to deepen my understanding of how data, algorithms, and logic fit together. Working on candidate generation made me evaluate geospatial filtering, dataset preparation, and how different POI attributes influence recommendation accuracy. Meanwhile, studying explainability techniques helped me appreciate the importance of transparency in recommender systems. Coordinating with other members also improved my communication skills as I needed to ensure our work aligned. This week taught me a great deal about backend design, research depth, and how core systems should be structured for scalability and clarity."
dillon,Tan Jun Rong Dillon,Week 10,"Week 10 Activities & Contributions: This week was very intensive because it involved three separate meetings and marked the transition from backend component preparation to preparing for the prototype demo for both the supervisor and assessor. My contributions included: Verifying completion of Week 9 tasks, especially ensuring the explainability module was ready for demonstration and integrated properly with the ranking output. Participating in the internal pre-meeting where the team finalised the working prototype, including the NLP (Nevin), recommender (Brian) and explainability (my module) pipeline. Ensuring the explainability output communicates why each top-k POI was recommended (distance, characteristics, region). During the supervisor meeting, I took note of all feedback, especially the new spatial requirements, and discussed their implications for documentation and system behaviour. After the meeting, I helped with documentationprototype alignment. Added the content for our presentation slides. Worked with Seoyoun to begin re-aligning documentation for consistency before the demo. Supported the teams planning on how new spatial functions (map embedding, users location, granularity logic) would affect our architecture and future documentation. Created the user flow diagrams for all actors. Reflection: Week 10 was one of the most demanding stages of the project so far because it required both technical readiness and presentation/documentation clarity. Demonstrating the prototype to the supervisor made me realise how important it is for our system to reflect all components stated in our project description and not just textual reasoning, but also spatial context. Receiving feedback from Mr Tian was extremely valuable. His comments helped me understand that even if our backend logic works well, the systems value is not fully conveyed unless the spatial dimension is visible and intuitive for users. This shifted my perspective. Working on documentation consistency and the presentation slides taught me how easily mismatches can occur between the prototype and written materials. It reinforced the importance of aligning terminology, design flow, and feature explanations across all deliverables. Updating the slides also helped me better articulate our systems architecture and justify design choices more confidently. Overall, this week strengthened my skills in communication, integration planning, and technical explanation. It also prepared me mentally for the mid-point assessment by showing me what supervisors and assessors look for; not just functionality, but coherence, clarity, and alignment between implementation and design."
dillon,Tan Jun Rong Dillon,Week 11,"Week 11 Mid-point Presentation Delivery & Feedback Consolidation Activities & Contributions: Aligned with the team on the final presentation narrative and ensured the slide flow matched the live demo sequence. Helped check that prototype screenshots, feature descriptions, and terminology were consistent across slides and documentation. Supported the rehearsal process by reviewing the demo script and identifying areas where the explanation could be clearer for the assessor. After the mid-point presentation, helped consolidate assessor feedback into a structured to-do list for the next sprint. Updated and tracked the Work Breakdown Structure (WBS) based on the new post-presentation priorities so that follow-up tasks were clearly assigned and measurable. Reflection: This week taught me how important delivery and framing are, even when the technical components already exist. During rehearsals, I realised that assessors evaluate not only whether features work, but whether the team can explain why the system is designed that way. Consolidating feedback into concrete tasks also helped me understand how to treat critique as a roadmap rather than a setback. By updating the WBS, I contributed to turning feedback into actionable work, which improved our direction and reduced confusion on what should be done next."
dillon,Tan Jun Rong Dillon,Week 12,"Week 12 Post-Feedback Development Tracking & Documentation Alignment Activities & Contributions: Continued tracking of sprint tasks using the updated WBS. Performed general proofreading and consistency checks across key documents to reduce terminology mismatch and workflow inconsistencies. Coordinated with teammates to ensure documentation reflected the updated system direction after the mid-point feedback (without over-editing close to integration work). Flagged areas where descriptions could drift away from the prototype behaviour, and helped keep written materials aligned with what could be reliably demonstrated. Reflection: This week strengthened my awareness that documentation is a living artefact that needs controlled updates. It was easy for different parts of the team to change wording or assumptions independently, which can create inconsistencies in a large report. By focusing on WBS tracking and careful proofreading, I helped keep the team aligned and reduced the risk of presenting conflicting information. I also learned that the best time to fix small inconsistencies is early, before they become embedded across slides, manuals, and demo narratives."
dillon,Tan Jun Rong Dillon,Week 13,"Week 13 Project Website Drafting & Marketing Content Preparation Activities & Contributions: Started drafting the project website structure as a central place for administrative updates and project marketing content. Built initial sections for project overview, objectives, team roles, and an administrative update area for meeting minutes and project artefacts. Contributed to the marketing copy by helping describe the systems value proposition and how users benefit (in coordination with the team). Performed a quick review to ensure the website messaging remained consistent with our prototype scope and the written documentation. Reflection: Working on the website pushed me to translate technical work into a clear message for a non-technical audience. Unlike formal reports, a project website needs concise explanations that still communicate what makes the system meaningful. Drafting the structure also reinforced the importance of separating administrative documentation from marketing communication while keeping both accurate. This week improved my ability to present our project professionally and consistently across different platforms."
dillon,Tan Jun Rong Dillon,Week 14,"Week 14 Integration Checkpoint & User Manual Kick-off Activities & Contributions: Supported the transition into the packaging phase by cross-checking consistency across prototype behaviour, documentation, and slide content. Began drafting the full User Manual using the preliminary manual as a reference, ensuring the structure and tone matched the expected deliverable. Outlined key manual sections (system overview, user workflows, and step-by-step guidance) based on the latest integrated build and team decisions. Identified areas where manual instructions needed to be careful and unambiguous to reduce user confusion during evaluation. Reflection: This week marked a shift from building to packaging, where clarity and completeness became just as important as functionality. Starting the User Manual required me to think from the users perspective and write instructions that are both accurate and easy to follow. Using a preliminary reference helped speed up progress, but I still needed to adapt it to our evolving workflow and ensure alignment with the current system. I learned that good manuals reduce presentation risk because they force the team to confirm what the system actually does in a repeatable way."
dillon,Tan Jun Rong Dillon,Week 15,"Week 15 User Manual Expansion & Consistency Checks During Stabilisation Activities & Contributions: Expanded the User Manual content, adding clearer step-by-step descriptions and ensuring workflows reflected the integrated system. Continued proofreading across deliverables to reduce small errors that can accumulate in large documents (formatting, wording, and cross-references). Coordinated lightly with teammates to ensure the manual, slides, and prototype descriptions did not contradict one another during ongoing stabilisation work. Reflection: This week reinforced that documentation quality depends on discipline and repetition. A manual is only useful if it stays consistent with the systems actual behaviour, so I focused on clarity and accuracy instead of adding excessive content. Proofreading also helped me realise how small wording differences can change the meaning of requirements and workflows. By consistently checking alignment, I contributed to reducing last-minute surprises and improving overall readiness for final submission."
dillon,Tan Jun Rong Dillon,Week 16,"Week 16 Documentation Polish & Support for Presentation Materials Activities & Contributions: Performed further documentation polishing as the integrated build matured, focusing on coherence and accuracy rather than adding new material. Helped include additional slide content where needed to better represent the system workflow and project narrative. Supported controlled documentation updates to avoid introducing inconsistencies close to final testing and rehearsal. Reflection: As the project moved closer to final testing, I learned the importance of change control. Even small edits can introduce contradictions between the manual, slides, and what the prototype demonstrates. This week developed my ability to prioritise stability: improving clarity and correctness while avoiding risky changes. Supporting slide content also reminded me that presentation materials must communicate the same story as our documentation, just in a shorter and more visual form."
dillon,Tan Jun Rong Dillon,Week 17,"Week 17 Final Testing Support & Manual Finalisation Activities & Contributions: Focused on finalising the User Manual so it was submission-ready and aligned with the stabilised build. Assisted the team by proofreading and checking for internal consistency (terminology, workflow descriptions, and expected outcomes). Helped ensure the manual and slides remained aligned with what could be reliably demonstrated under final testing conditions. Reflection: This week highlighted how final testing impacts documentation. When small defects are fixed, workflows can slightly change, and the manual must reflect the final behaviournot the earlier draft. By concentrating on manual finalisation and consistency checks, I contributed to reducing evaluation risk and ensuring the team could present a stable, coherent system. I also gained a clearer understanding of how quality assurance is not separate from documentationit is reinforced through it."
dillon,Tan Jun Rong Dillon,Week 18,"Week 18 Cleanup, Final Packaging & Submission Readiness Activities & Contributions: Polished the User Manual further, focusing on clarity, formatting consistency, and completeness. Supported final cross-checks to ensure documentation and slides were consistent with the near-final system state. Aligned with the teams freeze approach by prioritising correctness and presentation readiness over new changes. Reflection: In cleanup mode, the goal became eliminating weak points rather than adding features. This week improved my attention to detail, especially in ensuring that the manual reads cleanly and does not contain confusing or outdated statements. Contributing to final consistency checks also reinforced how important it is for a team to deliver a unified narrative: the prototype, slides, and documents must tell the same story. This discipline is what makes the final submission feel professional and credible."
dillon,Tan Jun Rong Dillon,Week 19,"Week 19 Final Supervisor Review, Submission Lock & Final Proofreading Activities & Contributions: Supported the incorporation of supervisor recommendations by ensuring the written materials and slide narrative highlighted the strongest project elements clearly. Participated in final proofreading and consistency checks across all submission artefacts as the team prepared to lock files for submission. Helped ensure that the final deliverables were coherent as a set: documentation matched the demo flow, and slide content reflected what could be demonstrated reliably. Reflection: This final week reinforced that finishing strong is largely about coordination and polish. Supervisor advice helped guide how we should frame our work, but it was still necessary to ensure every deliverable remained consistent and accurate. By contributing to final proofreading and alignment, I helped reduce last-minute errors and improved overall submission quality. Overall, I learned that strong project outcomes depend not only on technical implementation, but also on disciplined packaging, clear communication, and consistency across everything the assessor will see."
nevin,Nevin Sim,Week 1,"Week 1 (6 12 October 2025) This week marked the official start of my Final Year Project. My main focus was on understanding the problem space and exploring what features and functionalities our system should provide. I spent time researching similar systems and existing competitors to understand how location-based recommendation platforms currently operate, what features are commonly offered, and where potential gaps might exist. Through this research, I realised that many existing systems focus heavily on basic location search and filtering, but fewer place emphasis on explainability or multi-level recommendations. This helped shape my understanding of how our project could differentiate itself by not only recommending points of interest but also explaining why those recommendations are made. I also explored and discussed possible system architectures and platforms with the team. We considered whether the system should be web-based, mobile-first, or support both, and what kind of backend architecture would best support real-time recommendations. In parallel, we discussed and shortlisted possible IDEs, tools, libraries, and programming languages that would be suitable for development. Overall, this week helped me gain a clearer picture of the projects direction. I learned that spending time upfront on research and planning is essential, as it influences many downstream decisions and helps avoid major changes later in the project."
nevin,Nevin Sim,Week 2,"Week 2 (13 19 October 2025) This week focused heavily on planning and aligning expectations within the team and with our supervisor. We drafted an initial project schedule and clarified what our supervisor expected for the upcoming submissions. This helped set a clearer structure for how the project should progress over the semester. We also assigned initial team roles and divided the major report sections to ensure that responsibilities were clear from the start. At the same time, we began identifying key stakeholders and drafting early user stories, which helped translate abstract project ideas into concrete user needs. One important discussion point this week was the supervisors request for a Familiarisation Document. As a group, we agreed that this document should demonstrate our understanding of the project and include an overview, proposed schedule, team roles, development methodology, and initial research findings. This pushed us to think more critically about how to clearly communicate our project vision in a structured way. From this week, I learned how important coordination and documentation are in group projects. Setting up shared tools like Google Drive as a central repository also helped improve organisation and reduced confusion when collaborating on documents."
nevin,Nevin Sim,Week 3,"Week 3 (20 26 October 2025) This week was centred around reviewing feedback from our supervisor on the Project Proposal and preparing for the Project Requirements Documentation (PRD). We discussed how to restructure certain sections of the proposal to better align with the provided templates and expectations. One key takeaway was the need to clearly separate stakeholder descriptions from user stories. Initially, these were mixed together, which made the document less clear. We agreed to keep stakeholder descriptions focused on user types, while moving detailed user stories into the Requirement Specification section. We also discussed the need to include a clear system architecture diagram in both the proposal and PRD. This made me realise how important visual representations are when explaining complex systems, especially to assessors who need to quickly understand how everything fits together. Additionally, survey results collected earlier were reviewed and used to refine our user stories and potential use cases. This helped ground our assumptions in real user feedback rather than purely theoretical ideas. Overall, this week improved my understanding of how feedback should be incorporated constructively and how documentation evolves through multiple iterations rather than being completed in one pass."
nevin,Nevin Sim,Week 4,"Week 4 (27 October 2 November 2025) The main objective this week was to finalise user stories and stakeholder definitions and to complete the remaining sections of the group proposal and PRD. Roles were assigned based on different user types, and I was responsible for drafting the Business Partner user stories and use cases. We also discussed and finalised the project name. After considering several options, the team agreed on the name SpatiaLynk, which felt appropriate given the projects focus on spatial linking and recommendations. This decision helped make the project feel more concrete and identifiable. Task allocation for the PRD was clearly defined, with different members responsible for components such as the Work Breakdown Structure, survey transcripts, use case diagrams, and proposal refinement. This made collaboration more efficient, as everyone knew what they were accountable for. This week highlighted the importance of clear ownership in group work. Having defined responsibilities reduced overlap and ensured steady progress across all sections. I also learned that finalising small details, like the project name, can have a surprisingly positive impact on team morale and clarity."
nevin,Nevin Sim,Week 5,"Week 5 (3 9 November 2025) This week was focused on finalising and submitting the Project Requirements Documentation. We reviewed the PRD requirements carefully and clarified what content should belong in the PRD versus what should be deferred to the Technical Manual. After discussion, the team agreed that the PRD should focus mainly on use case diagrams, use case descriptions, the WBS, Gantt chart, and conclusion. More detailed technical diagrams such as UML and sequence diagrams were postponed to the Technical Manual to avoid overloading the PRD. A second meeting was held to confirm final responsibilities and ensure all components were completed. By the end of the week, the PRD was compiled, proofread, and prepared for submission. The document was successfully submitted on time, which was a relief after several intensive weeks of documentation work. This week made me realise how important scope control is. Not everything needs to be included in one deliverable, and understanding assessment requirements helps prioritise effort effectively. Preliminary Technical Documentation & Progress Report (Weeks 6 10)"
nevin,Nevin Sim,Week 6,"Week 6 (10 16 November 2025) Following the PRD submission, this week was intentionally lighter due to exams and other module commitments. The focus shifted towards planning for Assessment 1 Submission 2, which includes the Technical Document, User Manual, and presentation. We discussed the overall scope of Submission 2 and identified several work streams, including UX and wireframes, technical documentation, algorithm research, data preparation, and documentation management. Although no final allocations were made yet, this discussion helped everyone start thinking about where they could contribute most effectively. This week helped me appreciate the importance of pacing in long projects. Taking a lighter week after a major submission allowed the team to recover while still maintaining momentum through planning and discussion."
nevin,Nevin Sim,Week 7,"Week 7 (17 23 November 2025) This week marked the transition into more concrete work for Assessment 1 Submission 2. We reviewed the submission requirements in detail and finalised task allocations across the team. I was assigned to work on UX and wireframes together with Seoyoun. This involved preparing to design screen flows and user interfaces using Figma. Other team members focused on technical documentation, algorithm research, and data preparation. We also agreed on a rough timeline leading up to the 13 December deadline, which helped align expectations and ensure that work would progress steadily over the coming weeks. This week made me realise how important it is to play to individual strengths in a team setting. Clear task allocation not only improves efficiency but also makes the workload feel more manageable and structured."
nevin,Nevin Sim,Week 8,"Week 8 (24 30 November 2025) This week marked the official start of active work for Assessment 1 Submission 2. We reviewed the detailed requirements provided by the professor, which clarified that the submission would consist of a Preliminary Technical Document, Preliminary User Manual, presentation slides, and peer assessment components. Going through these requirements as a team helped ensure everyone had a shared understanding of what needed to be delivered. Task assignments were confirmed this week, and work began immediately across different streams. I continued working on UX wireframes and user interaction flows together with Seoyoun, using Figma to design core screens and navigation flows. At the same time, other members progressed on the Technical Document, algorithm research, and data preparation. A Singapore POI dataset shared by Dillon was selected for initial experimentation, which gave the project a concrete data foundation to work with. This week felt like a transition from planning to execution. Compared to earlier weeks that were heavily documentation-focused, there was a stronger sense of momentum as everyone began contributing tangible artefacts. I also became more aware of how interdependent our tasks were, especially how UX designs would need to align closely with backend and algorithm decisions."
nevin,Nevin Sim,Week 9,"Week 9 (1 7 December 2025) This week was significantly more technical and demanding. We reviewed progress across UX, documentation, algorithm research, and dataset preparation, and quickly realised that while supporting materials were progressing well, the core technical components of the prototype required clearer ownership and prioritisation. During discussions, the system was broken down into several major components, including NLP and GeoParser, database, personalised ranking, explainability, API, and mobile application. Based on time constraints and supervisor expectations, the team agreed that the highest priority was to complete the core pipeline needed for a working prototype. I was assigned responsibility for Part 1 of the system, which involved implementing the NLP and GeoParser component. This was a challenging but important task, as it forms the entry point of the system where user prompts are interpreted. With guidance from Brian, I began working on parsing user inputs and extracting relevant intent and location information. This week made the workload feel more intense, but it also clarified the technical direction of the project. Breaking the system into explicit components helped reduce ambiguity and made the remaining work feel more manageable, even though the timeline was tight."
nevin,Nevin Sim,Week 10,"Week 10 (8 14 December 2025) This week was one of the most intense but rewarding periods of the project so far. Early in the week, all components assigned in Week 9 were successfully implemented and integrated into a working webpage prototype. My NLP and GeoParser component was completed and connected to the rest of the pipeline, allowing user prompts to be processed correctly. The recommender logic developed by Brian and the explainability module developed by Dillon were integrated into the same flow. As a result, the prototype was able to accept a user prompt, generate a list of recommendations, and display explanations for each recommendation. Seeing the full end-to-end flow working for the first time was extremely satisfying and made the months of planning feel worthwhile. We prepared and rehearsed a short prototype demo before meeting our supervisor. During the meeting, we received important feedback highlighting that the prototype lacked a clear spatial component. Although the system worked conceptually, it did not yet feel like a spatial application, as there was no map integration or representation of the users current location. Following the feedback, the team quickly realigned priorities. Spatial features such as map integration, current location, and spatial granularity were identified as mandatory before the next demo. I was tasked with implementing the users current location and integrating a map into the prototype. This week reinforced how quickly project priorities can shift based on feedback, and how important it is to remain flexible and responsive rather than overly attached to earlier implementations. Despite the pressure, this week was a major milestone. The prototype was functional, supervisor expectations were clarified, and the team left with a much clearer understanding of what was required for the upcoming assessment and final presentation. Prototype Demo (Weeks 11 12)"
nevin,Nevin Sim,Week 11,"Week 11 (15 21 December 2025) This week focused heavily on preparing for the Mid-Point Presentation scheduled on 16 December. As a team, we aligned on the overall narrative and confirmed the structure of the presentation. One key discussion was ensuring that while our technical depth remained strong, the explanation would still be readable and understandable for assessors who may not be deeply technical. We rehearsed the demo flow multiple times and identified possible risks, especially around live recommender stability. I was responsible for preparing explanations related to the spatial elements and onboarding flow, in case they were questioned during the demo. We also agreed that the demo should prioritise stable features that best represent our project description, rather than showcasing experimental features that could fail during presentation. After the presentation, we consolidated assessor comments carefully. The feedback highlighted that while our system architecture was strong, we needed to strengthen realism in user modelling signals and ensure workflow scenarios aligned better with clear user stories. This made me realise that having a technically correct system is not enough it must also convincingly reflect realistic user behaviour. Overall, this week reinforced the importance of rehearsal, alignment, and clarity in communication. It also showed me how critical it is to convert feedback immediately into actionable tasks rather than just acknowledging it."
nevin,Nevin Sim,Week 12,"Week 12 (22 28 December 2025) This week was focused on converting assessor feedback into concrete development tasks. We reviewed comments in detail and identified areas requiring improvement, particularly around recommender refinement and workflow consistency. A major improvement direction was incorporating visit-frequency signals into the recommender logic. This would strengthen personalisation by factoring in how often a user visits certain POIs, rather than relying purely on static interest signals. We also reviewed and adjusted the Work Breakdown Structure (WBS) to reflect updated priorities and workload distribution. During this period, Seoyoun and I began conceptualising improvements to real-time onboarding and embedding recalculation. The idea was to ensure that when a new user completes onboarding, embeddings are recalculated dynamically to reflect updated preferences without requiring system restarts or batch processing. This week taught me how important it is to treat feedback as a development roadmap. Instead of seeing comments as criticism, we reframed them as clear guidance for our next sprint. Final Product and Documentation (Weeks 13 19)"
nevin,Nevin Sim,Week 13,"Week 13 (29 December 2025 4 January 2026) This week marked the beginning of the post-midpoint refinement sprint. The team confirmed revised WBS priorities and aligned on the following order of work: recommender improvements onboarding recalculation database stability documentation updates. Brian continued refining the recommender logic, while I worked closely with Seoyoun on improving onboarding flow responsiveness and embedding recalculation triggers. We focused on defining when embeddings should be recalculated for example, after onboarding completion or when user preferences are updated. At the same time, Dillon began creating the project website to support administrative updates and external communication. This introduced a packaging dimension to the project beyond pure technical development. This week made me more aware of the importance of integration consistency whenever logic changes, documentation, demo scripts, and slides must also reflect those changes accurately."
nevin,Nevin Sim,Week 14,"Week 14 (5 11 January 2026) This week was an important integration checkpoint. By this stage, real-time onboarding and embedding recalculation had been finalised. From early January onwards until Week 18, I worked closely with Seoyoun to refine and stabilise this component. The main challenge was ensuring that recalculation did not cause performance instability or inconsistencies in recommendations. We tested various interaction triggers and ensured embeddings updated correctly when users modified preferences or interacted with new POIs. Simultaneously, I began developing the presentation slides while Seoyoun progressed on the User Manual. Dillon edited documentation to align with updated workflows, and backend/database stability was improved by Jiahui. This week felt like a transition from building features to building a cohesive product."
nevin,Nevin Sim,Week 15,"Week 15 (12 18 January 2026) This week was an overall progress review and planning checkpoint. While major components were implemented, we recognised that integration polish and documentation consistency still required significant work. A buffer week was allocated to allow proper stabilisation rather than rushing new features. I continued refining slides into a near-complete draft while ensuring the system architecture and pipeline explanations were clear and consistent. Seoyoun expanded the User Manual with clearer screenshots and onboarding steps. Meanwhile, backend stabilisation continued to reduce inconsistencies between authentication, onboarding, and recommender responses. This week reinforced a lesson I learned earlier in the project consistency and polish are just as important as feature completion."
nevin,Nevin Sim,Week 16,"Week 16 (19 25 January 2026) This week focused on documentation refinement and presentation development. As integration matured, small inconsistencies between documentation and actual implementation surfaced. We carefully updated documentation to avoid misalignment. I refined the slides to better emphasise the novelty of our system especially the explainable graph-based ranking, multi-level spatial reasoning, and unified spatial-textual modelling. Seoyoun progressed on the project video and User Manual, while Brian and Jiahui continued stabilising onboarding and recommender integration. At this stage, we agreed to control documentation changes carefully to avoid introducing last-minute inconsistencies before final testing."
nevin,Nevin Sim,Week 17,"Week 17 (26 January 1 February 2026) This week marked entry into the final testing and stabilisation phase. We agreed to stop adding new features and focus only on bug fixes and performance consistency. Code stabilisation became the priority, particularly ensuring reproducible demo behaviour. I focused on improving slide clarity, tightening narrative flow, and preparing explanations that anticipate possible assessor questions. Working on slides during this stage made me realise how important it is to clearly explain technical decisions in simple, structured ways. A good system must also be clearly communicable."
nevin,Nevin Sim,Week 18,"Week 18 (2 8 February 2026) This week was primarily cleanup and final polishing. Dead code was removed, repositories were organised, and the demo build was tested repeatedly to ensure stability. From early January until this week, my work with Seoyoun on real-time onboarding and embedding recalculation had matured into a stable module. Seeing it function reliably during repeated test runs was satisfying. I finalised slide drafts for supervisor feedback, while Seoyoun completed the User Manual and video polishing. At this stage, the focus shifted from development to confidence ensuring everything worked consistently under pressure."
nevin,Nevin Sim,Week 19,"Week 19 (9 15 February 2026) This week included the final supervisor meeting and submission consolidation. Mr Tian provided final recommendations on presentation framing, emphasising that we should highlight how spatial reasoning, textual modelling, and explainability integrate as one cohesive system. We applied these recommendations carefully while avoiding risky changes that could destabilise the build. All artefacts prototype, slides, documentation, User Manual, and contribution statements were reviewed for consistency before locking submission files. Reflecting on this final stage, I realised how much the project evolved from early documentation-heavy weeks to a technically integrated, explainable recommender system. Beyond technical skills, this experience strengthened my understanding of sprint prioritisation, feedback incorporation, integration discipline, and documentation alignment. Most importantly, I learned that stability, clarity, and teamwork are what transform a working prototype into a presentable final product."
jiahui,Zhang Jiahui,Week 1,Week 1 (6 12 October 2025) First meeting with groupmates and supervisor. Talk about this project in details. Discussing which area we want to walk on and confirming the right direction
jiahui,Zhang Jiahui,Week 2,Week 2 (13 19 October 2025) Start to gather requirements and analysis on our user. Brainstormed with teammates to came up with useful user stories that will fulfill our system requirements
jiahui,Zhang Jiahui,Week 3,Week 3 (20 26 October 2025) Discussed about to achieve the prototype or final product. Start to distribute works. Ive been given task to set up the cloud and real-time database.
jiahui,Zhang Jiahui,Week 4,"Week 4 (27 October 2 November 2025) Start to work on the user stories,converting them into diagrams. Including the interactions between different user and functions."
jiahui,Zhang Jiahui,Week 5,Week 5 (3 9 November 2025) Finalizing the PRD. Worked on different tasks that will fulfill the requirements of PRD. Preliminary Technical Documentation & Progress Report (Weeks 6 10)
jiahui,Zhang Jiahui,Week 6,Week 6 (10 16 November 2025) Working on the cloud database. Drafted the DB design and Planned the field for core tables.
jiahui,Zhang Jiahui,Week 7,"Week 7 (17 23 November 2025) Together with the team, we mapped out the dataflow, conceptualized the interaction logic among client and the database. Finishing BCE diagrams and exam revision."
jiahui,Zhang Jiahui,Week 8,Week 8 (24 30 November 2025) Exam Period (Project Paused)
jiahui,Zhang Jiahui,Week 9,Week 9 (1 7 December 2025) Restarted project work immediately after exams. Set up the backend API infrastructure for SpatiaLynk by initializing the Supabase project environment.
jiahui,Zhang Jiahui,Week 10,Week 10 (8 14 December 2025) Authored and submitted the Progress Report summarizing the development progress of the first half of the semester. Prototype Demo (Weeks 11 12)
jiahui,Zhang Jiahui,Week 11-12,"Week 11-12 (15 28 December 2025) Successfully presented the Prototype Demo to accessor alongside the team, showcasing the frontend interface ,the map features and gathered valuable feedback. Final Product and Documentation (Weeks 13 19)"
jiahui,Zhang Jiahui,Week 13,Week 13 (29 December 2025 4 January 2026) Had meeting to discuss how we want split the work to complete the final product. I was given the task of CRUDS functions.
jiahui,Zhang Jiahui,Week 14,Week 14 (5 11 January 2026) Ive managed to successfully implement authentication and role base routing. Now users after logging in will be routed to different pages based on their roles.
jiahui,Zhang Jiahui,Week 15,"Week 15 (12 18 January 2026) Ive managed to finish all onboarding developments such as feature data required by the machine learning. After completing this, users will be able to input their personal preferences after registration"
jiahui,Zhang Jiahui,Week 16,"Week 16 (19 25 January 2026) Next, Ive worked on features for System admin and business partners. Although they are not the key features, but their user stories are highly related to databases such as creating new POIs and also admin are able to check popular searches. Now these user can always view these informations."
jiahui,Zhang Jiahui,Week 17,"Week 17 (26 January 1 February 2026) This week, Im working on the bugs that previously happened and went through many rounds of testing ensuring no crashing happens and passing all test cases are pasted."
jiahui,Zhang Jiahui,Week 18-19,"Week 18 -19(2 15 February 2026) Im working together with Brian to combine our codes together, making sure all functions are working successfully."
han,Han Seoyoun,Week 1,"Week 01 [4/10/2025 ~ 12/10/2025] Objectives Achieved 1. Finalizing project topic and direction 2. Team role assignment (Leader) That's me(Seoyoun) 3. Discussing project requirements and basic structure 4. First meeting with Supervisor and compiling feedback Setbacks Faced 1. Due to an incomplete understanding of the assignment requirements, we had to revise our initial idea. - I reviewed Lecture 1 materials and previous projects from other teams to gain better clarity and direction. 2. Since all team members were meeting for the first time, there was some initial awkwardness - but we tried to overcome it by sharing opinions and communicating as much as possible. Reflection This week, I realized the importance of clear communication in the early stages and felt that each person's sense of responsibility after role allocation significantly impacted the project's progress. Furthermore, as the project goals became increasingly concrete, the entire team's motivation grew. Next week, we plan to focus on further improving the completeness of the documents and the efficiency of team collaboration."
han,Han Seoyoun,Week 2,"Week 02 [13/10/2025 ~ 19/10/2025] Objectives Achieved 1. Created and organized the PRD content and document. 2. Finalized individual roles and development approaches among team members. 3. Divided the PRD sections and assigned responsibilities to each member. Setbacks Faced 1. Needed to coordinate opinions regarding certain team members roles and task allocation. - Discussed and clarified each members responsibilities during team meetings. 2. During the PRD writing process, some sections contained differing opinions due to a lack of overall alignment. - These differences were resolved and aligned through team discussions before proceeding further. Reflection This week allowed the team to establish a clearer structure for both the project and individual responsibilities. Through discussions and adjustments, we learned the importance of communication and coordination when working collaboratively on shared documents like the PRD. Although aligning different opinions took time, it ultimately helped strengthen teamwork and create a more cohesive understanding of the project direction. Moving forward, the team aims to maintain this open communication to ensure smoother progress in the upcoming development stages."
han,Han Seoyoun,Week 3,"Week 03 [20/10/2025 ~ 26/10/2025] Objectives Achieved 1. Began discussing the system architecture and finalized the main components. 2. Conducted research on competitor applications to understand existing solutions and identify key features. 3. Performed technical research to explore suitable tools, frameworks, and technologies for implementation. Setbacks Faced 1. Faced difficulty finding detailed information about some competitor applications. 2. Some technical resources and documentation were unclear, which slowed down the research process. Reflection This week highlighted the importance of clear communication during the early stages. After assigning roles, we realized how individual accountability affects overall progress. As project goals became clearer, team motivation increased. Next week, we aim to improve document quality and enhance team collaboration efficiency."
han,Han Seoyoun,Week 4,"Week 04 [27/10/2025 ~ 2/11/2025] Objectives Achieved 1. User stories finalized and approved by the team, ready to be incorporated into the proposal's use cases section 2. Task distribution completed: each team member assigned specific sections and descriptions to write 3. Individual report templates reviewed and confirmed available on Google Drive for reference 4. Progress from previous week's report revisions integrated and incorporated into current draft 5. Clear timeline established for completing user story descriptions by end of this week Setbacks Faced 1. Unclear specifications on certain use cases led to extended discussion and minor revisions needed to user stories 2. Resource constraints limited the ability to simultaneously work on multiple report sections in parallel Reflection We need to establish clearer specifications for use cases earlier in the project timeline to avoid rework and wasted effort. Additionally, implementing a more robust project management tool or system would help us track multiple concurrent tasks more effectively. Team communication could benefit from more frequent check-ins to catch potential delays earlier before they become major issues. Finally, we should consider scheduling meetings at times that accommodate all team members' availability to ensure full participation and engagement from everyone."
han,Han Seoyoun,Week 5,"Week 05 [03/11/2025 ~ 09/11/2025] Objectives Achieved 1. Clarified the scope of PRD Submission #1 early in the week, ensuring a focus on use case diagrams and descriptions rather than unnecessary technical details. 2. Clearly differentiated PRD content from the Technical Manual, deferring UML and sequence diagrams to the later submission. 3. Successfully compiled, finalised, and submitted PRD Submission #1 on time, including the conclusion and overall document structure. 4. Supported team coordination by assisting with task allocation and ensuring consistency across all PRD components, including the WBS and Gantt chart. Setbacks Faced 1. Initial uncertainty regarding the boundary between PRD and Technical Manual requirements led to some confusion about whether full UML and sequence diagrams were necessary at this stage. 2. Final responsibility allocation among team members was not immediately confirmed at the beginning of the week, which temporarily slowed down early progress. Reflection This week highlighted the importance of clearly defining the purpose and scope of project documentation. Rather than attempting to include all technical details in the PRD, focusing on requirement-level information allowed the team to work more efficiently and avoid unnecessary workload. Taking an active role in clarifying expectations and structuring the PRD helped ensure alignment across the team and contributed to a smooth submission process. The experience also reinforced that effective project contribution goes beyond completing assigned tasks; it includes identifying what should be prioritised and what can be deferred. Moving forward, I aim to build on this PRD foundation when developing the Technical Manual, ensuring strong continuity between documents while maintaining clarity and focus."
han,Han Seoyoun,Week 6,"Week 06 [10/11/2025 ~ 16/11/2025] Objectives Achieved 1. Reflected on the successful completion of PRD Submission #1 and aligned as a team on pacing the project alongside ongoing exams and coursework. 2. Gained a clear overview of the scope and expectations for Assessment 1 Submission 2, including the December deadline and required deliverables. 3. Identified and discussed key work streams for Submission 2, including UX and wireframes, technical documentation, algorithm research, data preparation, and documentation. 4. Used the lighter workload week to plan ahead and mentally prepare for more intensive development work starting from Week 7. Setbacks Faced 1. Progress on Submission 2 tasks remained limited due to examination commitments and the intentional decision to keep the workload light. 2. Formal allocation of responsibilities for Submission 2 was not finalised, postponing concrete task ownership to later weeks. Reflection This week served as a necessary transition period between the completion of PRD Submission #1 and the start of more technically intensive work for Submission 2. Although progress was intentionally slower due to exams, the discussion helped establish a shared understanding of upcoming expectations and prevented misalignment later in the project. Taking time to reflect and plan rather than rushing into implementation reinforced the importance of sustainable pacing in long-term projects. Moving forward, I am better prepared to take on more defined responsibilities once work allocation is finalised in the coming weeks."
han,Han Seoyoun,Week 7,"Week 07 [17/11/2025 ~ 23/11/2025] Objectives Achieved 1. Reviewed the detailed requirements for Assessment 1 Submission 2 and clarified expected deliverables, including the Technical Document, User Manual, presentation slides, and peer assessment components. 2. Successfully finalised task allocation across the team based on individual strengths, formally assigning responsibilities for UX, technical documentation, algorithm research, and data preparation. 3. Established a rough timeline leading up to the 13 December deadline, ensuring alignment on pacing and upcoming workload. 4. Initiated preparation for Submission 2 by identifying concrete starting points for UX wireframes, technical documentation drafts, algorithm research, and data cleaning tasks. Setbacks Faced 1. While responsibilities were clearly assigned, most tasks remained at the planning or preparation stage, with limited tangible output produced during this week. 2. Dependencies between components (e.g. UX, technical documentation, and algorithm design) required further clarification before deeper execution could begin. Reflection This week marked a clear shift from planning to execution for Submission 2. Finalising task allocations provided clarity and accountability, allowing each team member to focus on a specific contribution. Being assigned to the UX stream helped me better understand how user flows and interface design would shape the overall system and influence later technical decisions. Although progress this week was still relatively light, the alignment achieved during the meeting laid a strong foundation for more intensive work in the following weeks. Moving forward, I aim to translate this planning into concrete UX wireframes and ensure close coordination with other streams to maintain consistency across deliverables."
han,Han Seoyoun,Week 8,"Week 08 [24/11/2025 ~ 30/11/2025] Objectives Achieved 1. Reviewed and confirmed the official requirements for Assessment 1 Submission 2, ensuring a shared understanding of expected deliverables and documentation scope. 2. Finalised and reaffirmed task allocations across the team, clarifying responsibilities for UX, technical documentation, algorithm research, and data preparation. 3. Initiated active progress on assigned tasks, particularly UX wireframes, technical document drafting, algorithm research, and POI dataset preparation. Setbacks Faced 1. Coordination across multiple work streams required additional effort, as UX, technical documentation, algorithm design, and data preparation needed to remain aligned. 2. As tasks transitioned from planning to execution, some uncertainties remained regarding the depth and level of detail required for preliminary deliverables. Reflection This week represented a clear transition into active execution for Submission 2. Confirming official requirements and reaffirming responsibilities helped reduce ambiguity and allowed the team to move forward with confidence. Taking responsibility for UX wireframes and interaction flows reinforced the importance of aligning user-facing design with technical and algorithmic considerations. While managing multiple parallel work streams introduced coordination challenges, the progress made this week established a solid foundation for the upcoming intensive development phase leading up to the December submission."
han,Han Seoyoun,Week 9,"Week 09 [01/12/2025 ~ 07/12/2025] Objectives Achieved 1. Reviewed mid-development progress across UX, Technical Document, algorithm research, and dataset preparation, identifying gaps in the technical core of the prototype. 2. Clarified the expected scope of a working prototype based on supervisor expectations, emphasising the need for functional progress in Parts 13 of the system. 3. Aligned the team on a simplified system architecture and established a clear priority order for development, focusing on the personalised ranker, NLP + GeoParser, and candidate generation. 4. Finalised task ownership for core system modules, enabling parallel development and clearer accountability under tight time constraints. Setbacks Faced 1. Several core system components, particularly NLP + GeoParser, personalised ranking, and explainability, had not yet progressed beyond the planning stage. 2. The high technical workload and proximity to the Submission 2 deadline increased pressure on coordination and integration across multiple components. Reflection This week marked a critical turning point from documentation and planning towards intensive technical development. The discussion highlighted the gap between having well-prepared documentation and delivering a functional prototype that demonstrates end-to-end system behaviour. Establishing clear priorities and assigning ownership for each system component helped reduce ambiguity and enabled the team to focus on the most critical elements required for supervisor review. While the workload increased significantly, this alignment reinforced the importance of timely decision-making and structured coordination when working under strict deadlines. Moving forward, close collaboration across components will be essential to ensure that individual modules integrate into a coherent and demonstrable prototype."
han,Han Seoyoun,Week 10,"Week 10 [08/12/2025 ~ 14/12/2025] Objectives Achieved 1. Successfully integrated core system components (NLP + GeoParser, candidate generation/ranking, explainability) into a functional webpage prototype before the supervisor meeting. 2. Conducted a prototype demo with the supervisor and obtained clear, actionable feedback regarding missing spatial features and system alignment. 3. Identified mandatory enhancements (map integration, current location, spatial granularity, live interaction) required before the assessor demo. 4. Realigned team responsibilities post-meeting to prioritise spatial integration and documentation consistency. Setbacks Faced 1. The initial prototype lacked spatial components, which were critical given the nature of the application, requiring additional development effort under time pressure. 2. New requirements introduced mid-development increased technical complexity and required rapid workload redistribution across the team. Reflection Week 10 was one of the most pivotal and intense weeks of the project so far. While we successfully demonstrated a working prototype pipeline (NLP candidate generation ranking explainability), the supervisors feedback highlighted a critical oversight: the system did not yet clearly embody a spatial application. This emphasised the importance of aligning technical implementation with the core identity and objectives of the project. The feedback, though challenging under tight deadlines, provided valuable clarity. It shifted our focus from merely having a functional recommender to delivering a spatially aware, multi-level, and interactive system. The rapid task redistribution and prioritisation of spatial features reinforced the importance of adaptability in project development. Moving forward, ensuring consistency between prototype behaviour, documentation, and presentation will be essential, especially as we approach the assessor demonstration. This week strengthened my understanding that iterative feedback is not a setback, but a refinement process that ultimately improves system quality and coherence."
han,Han Seoyoun,Week 11,"Week 11 [15/12/2025 ~ 21/12/2025] Objectives Achieved 1. Successfully prepared and delivered the mid-point presentation, ensuring alignment in narrative flow, demo script, and role allocation across the team. 2. Captured and consolidated assessor feedback immediately after the presentation, identifying specific areas for improvement in recommender realism, workflow consistency, and user modelling. 3. Translated assessor comments into concrete technical and documentation tasks, updating responsibilities and adjusting the WBS accordingly. 4. Launched a focused post-feedback sprint, prioritising recommender enhancements, onboarding recalculation logic, database stability, and documentation updates. 5. Ensured stronger alignment between prototype implementation, updated user stories (including approval workflow logic), and written documentation. Setbacks Faced 1. Assessor feedback revealed gaps in realism and user-modelling signals within the recommender, requiring additional refinement beyond the initial prototype. 2. Clarification of approval workflow logic exposed inconsistencies between documentation and implementation, necessitating coordinated updates. 3. The need to improve both technical robustness and presentation clarity increased workload immediately after the mid-point milestone. Reflection Week 11 marked a transition from prototype demonstration to refinement and quality improvement. The mid-point presentation provided valuable external validation as well as constructive criticism. Although the system was functional, the feedback highlighted the importance of making the recommender more realistic and better aligned with user behaviour signals. This reinforced that technical completeness alone is insufficient; the system must also convincingly model real-world usage scenarios."
han,Han Seoyoun,Week 12,"Week 12 [22/12/2025 ~ 28/12/2025] Objectives Achieved 1. Enhanced onboarding and embedding recalculation responsiveness and correctness. 2. Continued recommender refinement and integration testing to improve coherence across system components. Setbacks Faced 1. Recommender tuning required iterative adjustments after integrating new behavioural signals. 2. Dependencies between onboarding, authentication, and ranking components required careful coordination to avoid inconsistencies. Reflection Week 12 focused on consolidation and steady refinement rather than visible feature expansion. The integration of behavioural signals into the recommender highlighted the complexity of balancing performance improvement with system stability. This week reinforced the importance of incremental tuning and structured validation, especially when working with interconnected components such as onboarding logic, embedding recalculation, and database flows. Maintaining clarity in ownership and tracking through the WBS proved valuable in sustaining progress during this technically intensive phase."
han,Han Seoyoun,Week 13,"Week 13 [29/12/2025 ~ 4/01/2025] Objectives Achieved 1. Enhanced onboarding and embedding recalculation responsiveness and correctness. 2. Continued recommender refinement and integration testing to improve coherence across system components. Setbacks Faced 1. Remaining tuning requirements in the recommender introduced uncertainty regarding measurable performance improvements. 2. Integration risks between frontend authentication, backend logic, and ranking components required additional validation. Reflection Week 13 marked a shift toward refinement and packaging alongside technical completion. The creation of the project website signalled a transition from internal development to external presentation readiness. At the same time, integration risks became more apparent as separate modules were connected."
han,Han Seoyoun,Week 14,"Week 14 [5/01/2025 ~ 11/01/2025] Objectives Achieved 1. Confirmed project website availability and readiness for content updates. 2. Began formal packaging phase, including slides development, user manual drafting, and documentation alignment. 3. Strengthened consistency between prototype workflows and written materials. Setbacks Faced 1. Continued refinement and defect reduction were required to ensure system stability before final testing. 2. The packaging phase increased workload, as documentation and presentation materials had to precisely reflect system behaviour. Reflection Week 14 represented the formal transition into packaging and presentation readiness. While the technical components were largely in place, ensuring alignment across slides, manuals, documentation, and prototype behaviour required meticulous attention. This week reinforced that integration completeness does not automatically equate to readiness; presentation clarity and documentation coherence are equally critical for assessment. The shift toward structured packaging improved overall discipline in how system functionality was articulated and demonstrated."
han,Han Seoyoun,Week 15,"Week 15 [5/01/2025 ~ 11/01/2025] Objectives Achieved 1. Conducted a comprehensive progress review, identifying remaining technical and documentation gaps. 2. Allocated a buffer week to stabilise integration and polish deliverables before final testing. 3. Continued refinement of recommender consistency, onboarding/authentication logic, and integration reliability. 4. Advanced slides, user manual, and documentation edits toward near-complete drafts. Setbacks Faced 1. Integration stabilisation required more time than initially anticipated. 2. Ensuring end-to-end consistency across prototype, documentation, slides, and test plans demanded additional coordination effort. Reflection Week 15 emphasised stabilisation over expansion. Although major components were functional, the team recognised that integration maturity and documentation polish required dedicated time. Agreeing on a buffer week reflected a strategic decision to prioritise system robustness and assessment readiness over feature addition. This stage underscored the importance of disciplined closure in project development ensuring that what has been built is coherent, stable, and clearly communicated. The focus now shifts toward final validation and presentation readiness, building upon the strong technical foundation established in earlier weeks."
han,Han Seoyoun,Week 16,"Week 16 [5/01/2025 ~ 11/01/2025] Objectives Achieved 1. As team leader, coordinated documentation polishing efforts to ensure consistency across prototype, manual slides, and integrated build. 2. Continued focusing on embedding-related refinements, particularly ensuring onboarding-triggered recalculation logic remained stable and aligned with recommender behaviour. 3. Progressed video production and manual updates while overseeing cross-component alignment across technical and presentation artefacts. 4. Prepared the team for transition into final testing by controlling documentation changes to avoid late-stage inconsistencies. Setbacks Faced 1. Minor inconsistencies emerged as integration matured, requiring careful documentation control to prevent divergence between artefacts. 2. Balancing leadership coordination responsibilities with technical embedding-related tasks increased workload during the polishing phase. Reflection Week 16 required balancing leadership responsibilities with continued technical focus. As team leader, I needed to ensure alignment across documentation, slides, and the evolving integrated build while simultaneously refining embedding-related logic within the recommender pipeline. The embedding recalculation process, especially during onboarding updates, required close attention to stability and consistency. This phase reinforced the importance of controlled iteration near project completion not all improvements are beneficial if they introduce instability. Leadership during this stage meant protecting system coherence while maintaining forward momentum."
han,Han Seoyoun,Week 17,"Week 17 [26/01/2026 ~ 01/02/2026] Objectives Achieved 1. Led coordination of final testing and stabilisation efforts across all modules. 2. Continued refining embedding consistency and ensuring behavioural signals (e.g., recalculated representations) remained stable under repeated execution. 3. Supported integration stabilisation while progressing final manual and video preparation. 4. Reinforced decision to halt feature expansion and prioritise correctness and reproducibility. Setbacks Faced 1. Final-stage stabilisation exposed minor inconsistencies in integration between recommender embeddings and authentication/onboarding triggers. 2. Time pressure increased as submission approached, requiring stricter change control. Reflection Week 17 marked the transition into strict stabilisation mode. As team leader, my focus shifted toward risk management and system coherence. Embedding consistency became particularly important, as recalculation logic needed to behave predictably under different user scenarios. The decision to freeze feature additions reflected maturity in project management: stability and demonstrability were more valuable than incremental improvements. This week strengthened my appreciation for disciplined closure in system development."
han,Han Seoyoun,Week 18,"Week 18 [02/02/2026 ~ 08/02/2026] Objectives Achieved 1. Coordinated final cleanup phase, ensuring repositories were organised and build reproducibility was maintained. 2. Oversaw final embedding-related validation, confirming that recalculation workflows and ranking behaviour aligned with documented logic. 3. Advanced User Manual and video polishing while ensuring artefacts accurately reflected embedding-driven system behaviour. 4. Prepared structured narrative for final supervisor meeting and presentation. Setbacks Faced 1. Cleanup revealed minor redundancies and technical debt accumulated during rapid development phases. 2. Ensuring reproducibility across environments required additional verification effort. Reflection Week 18 was characterised by consolidation and narrative clarity. As team leader, I focused on ensuring the system we built was not only functional but explainable and reproducible. My embedding-related work during earlier weeks now required validation to ensure alignment with documentation and presentation materials. The process of cleaning up code and refining artefacts reinforced that strong technical work must be paired with clear articulation. Leadership at this stage meant ensuring the final product appeared coherent, intentional, and professionally packaged."
han,Han Seoyoun,Week 19,"Week 19 (09/02/2026 ~ 15/02/2026) Objectives Achieved 1. Led final supervisor review session, ensuring presentation narrative clearly highlighted the embedding-driven, spatial-textual-explainable architecture. 2. Applied supervisor recommendations strategically, limiting changes to low-risk adjustments to preserve build stability. 3. Coordinated final submission lock, confirming consistency across prototype, slides, manual, documentation, and contribution statement. 4. Ensured embedding logic, onboarding recalculation behaviour, and ranking pipeline were stable and demonstrable before submission freeze. Setbacks Faced 1. Final-stage changes required careful risk assessment to avoid destabilising integrated components. 2. Time constraints limited opportunities for further optimisation of embedding tuning. Reflection Week 19 represented culmination and closure. As team leader, my role centred on safeguarding stability while refining narrative clarity. Throughout the later stages of development, I concentrated heavily on embedding logic and its interaction with onboarding recalculation and ranking behaviour. Ensuring that this core technical contribution remained stable, reproducible, and well-articulated was critical to the final outcome. The final submission phase highlighted that successful project delivery requires both technical depth and disciplined coordination. This experience strengthened my leadership capabilities and deepened my technical understanding of embedding-driven recommender systems within a spatial application context."
brian,Yue Jun Brian Tan,Week 1,"Week: 01 Date: 6th - 12th October 2025 Focus: Ideation What I did: - Brainstorm ideas for end product - Understanding project scope - Market research of MVP (domain, description, features, competitors, relevance to project, etc.) Ideas that I came up with: - Face analysis using Computer Vision and recommending make up and product suggestions. - Interior design room layout recommendation, where you map out the structure of your room with your camera, and our product will recommend furniture layout with or without fengshui analysis. Layout Analysis Domain : Interior Design Description : o AI-powered furniture layout recommender that scans the entire home or scans the houses blueprint and suggest furniture arrangements with support for varying granularities (top-k furniture, room-layout, entire house-layout) and user-driven adaptive selection. Features / functionalities : o Analyses pictures of a blank spot, room layout, house blueprint. o (Pinterest) Scroll and create furniture or layouts of your liking. o Recommends furniture or layouts based on your preferences. o Extra Implementation : real-time user feedback loops (e.g. ratings on recommendations) and constraints like budget or room size limits. o Apply feng shui principles (e.g., Bagua map, Five Elements, Chi flow, direction of bed/desk) to evaluate spatial harmony. o Allow drag-and-drop repositioning, toggle before vs after comparison, save/export layout plan. o Each recommendation includes the feng shui reasoning: Desk now faces east for productivity or Mirror removed to prevent energy reflection. Rivals & Competitors (Whose products and/or services either closely resembles your proposed system) o Planner 5D : offers an AI furniture-placement tool; it can analyze room dimensions, layout, and suggest furniture arrangements. o RoomGPT : you upload a photo and it redesigns your room with different layouts/styles. o MyRoomDesigner.AI : you upload a photo, and it analyzes layout and gives redesigns, letting you pick style preferences, swap furniture, etc. o REimagine Home : allows one-photo transformations (furniture swaps, restyling) of existing rooms. o IKEA Place (AR app): Lets users virtually place IKEA furniture in their room. o Feng Shui Compass Apps (e.g., Luo Pan, Feng Shui Master 2024): Simple compass-based feng shui direction analysis. Is it highly relevant to our FYP topic (How it meets the requirement of spatial-textual object RS) o Spatial-Textual Object Recommendation : Match. Furniture pieces can be treated as spatial-textual objects. Each has spatial properties (position, orientation in the room) and textual attributes (descriptions like ""modern armchair"" or ""wooden dining table""). Similar to Points of Interest (POIs), you're recommending ""objects"" with locational and descriptive features. o Multi-level : Match. The project requires dynamic handling of varying spatial granularities, and this proposed idea fits into it. As it is able to handle multiple levels from high-level granularity entire house layout to the low-level granularity of recommending furniture products based on the users interaction. o Explainable : Match. We can easily justify why the layouts are suggested the way it is e.g. We placed the sofa here because the scanned room has high foot traffic near the window, and your profile indicates you prefer relaxation oriented setups. o Recommendation : AI suggests best furniture layout (top-k arrangements ranked by feng shui harmony score). Preliminary, overview architecture / delivery platform for the system o Input Processing Module : Handles uploads/scans of images or blueprints. Use CV to extract spatial (dimensions, furniture placements) data and textual data (room type). o AI Recommendation Engine : Collaborative filtering (user preferences) and generative AI. o UI Module : Interactive frontend for browsing/creating layouts. Programming languages the team will adopt o Python: Excellent for ML libraries (YOLO, PyTorch, Experta), easy to prototype rule-based reasoning. / Quick for REST API endpoints. o C#: To visualize layout and overlay furniture. Challenges faced: Understanding the scope and boundary of the final product, because the domain is wide and how much do we keep to the project description. Trying to understand what spatial and textual actually mean. How did I address it/them: I gathered all the doubts and questions we all had about the projects requirements, and we came to a consensus that we should stick closer to the examples given in the description, so we landed on a multi-level recommendation system. What I learned: Multi-level recommendation can apply to all sorts of domains, but the project specifically asked for spatial-textual which limits the product to being a Google Maps sort of recommender, but it understands our preferences. Next steps: Development methodology & Proposal Attachment/Proof of work:"
brian,Yue Jun Brian Tan,Week 2,"Week: 02 Date: 13th - 19th October 2025 Focus: Development methodology & Proposal What I did: - Defined roles for project - Volunteered to be part of the design team, AI system and data engineer - Decided on development methodology and possible tech stack - Project Proposal 1st rendition Development methodology: - Agile sprint-style - GitHub for version control and collaboration Tech Stack: - React Native - TypeScript - Python Challenges faced: There were no significant challenges at this stage, as identifying the necessary roles and selecting a suitable development methodology was straightforward. How did I address it/them: No specific mitigation was required. What I learned: No major technical learning occurred during this phase; the focus was on planning, alignment, and establishing a clear project direction. Next steps: Architecture design Attachment/Proof of work:"
brian,Yue Jun Brian Tan,Week 3,"Week: 03 Date: 20th - 26th October 2025 Focus: Architecture Design What I did: - Architecture design 1st draft - System design Architecture design: - Client (UI) routes to the Data Ingestion layer, passing raw data (personal info, preferences, search criteria, etc.) into primary database to store spatial hierarchies. - Client to Kafka to track real-time interaction feedback (clicks, views, searches, and likes), then stored in Neo4j as nodes (Graph database). - From the primary database (Postgres) into the Refinement layer to read and convert to semantic vector embeddings. Which will be passed to a Graph Neural Network. - Graph Attention Network (GAT) and Approximate Nearest Neighbour (ANN) for candidate generation, multi-level spatial filtering which will generate top-k POIs. - Using XGBoost to re-rank based on features: o Spatial features: distance from user's typical locations o Temporal features: time-aware preferences o Graph features: neighbourhood influence, social signals o Semantic similarity: embedding cosine distances - Justification generator to provide hints for justification of POI. Challenges faced: New AI technology stack that I was so unfamiliar with. How did I address it/them: Needed to reference the tech stack of similar projects found on GitHub. What I learned: Although there have been papers published that proposed a solution to solve this particular issue, there are no engineered projects that could be found on GitHub. Next steps: Improve architecture of pipeline Attachment/Proof of work:"
brian,Yue Jun Brian Tan,Week 4,"Week: 04 Date: 27th 2 nd November 2025 Focus: Architecture Design What I did: - Redesign System Architecture 2nd draft Architecture design changes: - Real time interaction stream using Kafka is now routed directly to the frontend (React Native) which is then processed by Apache Flink. - Raw Interactions from Flink will be routed to Data Lake using AWS S3 and Snowflake. - Processed events like CREATE interaction like is stored in Neo4j. - Static data will be batch processed and stored with PostGIS and updated in Neo4j. Architecture additions: - (Personalized ranking pipeline) log extraction from AWS negative sampling feature engineering dataset creation XG Boost model training - (GNN training pipeline) Data extraction from AWS and Neo4j Graph construction in PyG Multi task GAT model training Trained GAT model weights - Model weights are used to generate candidates and ranking Challenges faced: The first version of the architecture lacked clearly defined pipelines, especially for how data would move from ingestion to model training and inference. How did I address it/them: In this revision, I explicitly proposed two dedicated model-training pipelines: one for traditional ranking models and another for graph-based learning, so that responsibilities and data transformations are clearly separated. What I learned: The types of data real-time data processing and use cases of Kafka and Flink. The types of data and how they are stored (data lake, warehouse, database, graph database). Next steps: Wireframe, UML diagrams Attachment/Proof of work:"
brian,Yue Jun Brian Tan,Week 5,"Week: 05 Date: 3rd 9 th November 2025 Focus: Wireframe, UML diagrams What I did: - Wireframe - Work breakdown structure diagram - User stories & UML diagrams Challenges faced: One key challenge was identifying meaningful user stories that were not simple CRUD (Create, Read, Update, Delete) actions. Since the system focuses on recommendations and spatial exploration rather than data management, it required a different way of thinking about user needs and interactions. How did I address it/them: As a team, we reviewed each proposed user story together and brainstormed ways to reframe them around user goals and experiences rather than database actions. Through discussion and iteration, we refined the stories into ones that were non-CRUD but still realistic and feasible to implement. What I learned: No major technical learning at this stage; the focus was primarily on refining requirements and aligning the teams understanding of the systems purpose. Next steps: Defining prompt use case Attachment/Proof of work:"
brian,Yue Jun Brian Tan,Week 6,"Week: 06 Date: 10th 16th November 2025 Focus: Defining prompt use case What I did: - Defined prompt for app - Defined expected output (region/sub-region/poi) - How the model should take the prompt and recommend a spatial level upwards What are good spots near Jurong for a family dayout (Region) West Joo Koon, Golf (Sub-region) lakeside, Chinese garden (POIs) Science centre, Jurong lake gardens Challenges faced: There are many possible ways to design prompts for a recommender system or LLM. Without constraints, the model could receive highly varied queries, making it difficult to produce consistent structured outputs. A key challenge was deciding how restrictive the prompt format should be while still allowing natural user input How did I address it/them: I standardised and restricted the supported prompt patterns so the system could reliably map user intent to the spatial hierarchy. For instance, queries like Yoga studios in Tiong Bahru are normalised into the same Region Sub-region POI pipeline, ensuring consistent interpretation and recommendations. What I learned: I developed a stronger understanding of how Singapores spatial structure can be modelled computationally: from city-level divisions to districts, sub-regions, and finally individual POIs. I also learned that clearly defining expected outputs early makes it much easier to design prompt-handling logic and reduces ambiguity in model response Next steps: Preprocess POI dataset Attachment/Proof of work:"
brian,Yue Jun Brian Tan,Week 7,"Week: 07 Date: 17th 23th November 2025 Focus: POI Dataset Preprocessing What I did: - Figuring out what kinds of data we need - Dataset from: https://www.kaggle.com/datasets/sunnysharma432/singapore-mallspois - Feature selection (name, category, lat, lon) - Cleaning rows with missing values Challenges faced: Cleaning and preparing a dataset of approximately 50,000 POI records was challenging. The data required careful filtering and validation, starting with narrowing down useful features and then addressing missing or inconsistent entries. How did I address it/them: To improve the datasets usefulness and add spatial granularity, I introduced a region attribute for each POI. This helped create a clearer spatial hierarchy, making the data more suitable for structuring into levels later and improving how locations can be grouped and recommended. What I learned: I learned that it is often difficult to determine the exact features needed at the beginning of a project, as requirements become clearer only after working with the data. However, manipulating and refining a pre-existing dataset is significantly more practical and efficient than attempting to generate new data from scratch. Next steps: Preprocess User Dataset and User-POI interactions Attachment/Proof of work:"
brian,Yue Jun Brian Tan,Week 8,"Week: 08 Date: 24th 30th November 2025 Focus: Preprocess User Dataset and User-POI interactions What I did: - Engineer user data, and user-poi interaction data - Redesign System Architecture 3rd draft Challenges faced: A key challenge was the computational and resource constraints associated with the tools proposed in the earlier system architecture. Many of the originally planned cloud services and SaaS solutions would have cost thousands of dollars to operate, making them impractical for a prototype-level project. How did I address it/them: I explored cost-effective workarounds by identifying free or low-cost alternatives to replace expensive cloud components. This required rethinking the deployment strategy and simplifying parts of the architecture while still maintaining the core functionality. I focused on tools that allowed rapid prototyping, minimal infrastructure management, and scalable hosting without high operational costs. What I learned: I learned that it is possible to build and deploy a functional machine learning pipeline using lightweight tools. Specifically, I was able to: - Use Gradio to create an interactive interface for the model pipeline. - Host the application on Hugging Face Spaces to avoid managing dedicated servers. - Wrap the functionality with FastAPI to expose it as an API. - Design it so the frontend (React Native) can call the API seamlessly. This experience highlighted how architectural decisions must balance technical idealism with real-world constraints such as cost, scalability, and maintainability. Next steps: Construct POI Tree Attachment/Proof of work:"
brian,Yue Jun Brian Tan,Week 9,"Week: 09 Date: 1st 7 th December 2025 Focus: POI Tree Construction What I did: With a clear idea of the intended POI (Points of Interest) tree structure, I transformed the original POI dataset into a JSON file organised in a hierarchical format. Individual POIs were placed at Level 0, container POIs at Level 1, and broader geographic groupings such as districts and regions were structured into Levels 2 and 3. This allowed the data to better reflect real-world relationships and made it easier for downstream systems to interpret contextual location information. Challenges faced: A major challenge was working with a dataset of over 50,000 rows that was not pre-organised by granularity level. The data lacked clear indicators of hierarchy, meaning each entry had to be analysed and classified before it could be placed correctly within the POI tree. How did I address it/them: Since the data was provided in CSV format, I developed a Python class to iterate through each row and programmatically determine which of the four levels it belonged to. This involved defining rules to detect whether a row represented an individual POI, a container, or a higherlevel geographic grouping, and then restructuring the data accordingly into the hierarchical JSON format. What I learned: This process reinforced the importance of data structuring in making large datasets usable. I also gained practical experience in writing parsing logic to impose order on unstructured data. It was particularly rewarding to see how well-written code could transform a messy dataset into a clean, logical hierarchy ready for application use. Next steps: First version of prototype Attachment/Proof of work:"
brian,Yue Jun Brian Tan,Week 10,"Week: 10 Date: 8st 14th December 2025 Focus: First version of prototype What I did: - I encoded the raw files that we created over the past few weeks to be fed into the model as training set. - I trained a pipeline that could suggest recommendations based on specific user preferences. - Pipeline had a simple NLP parser that checks for a limited set of keywords looking for intent. Challenges faced: It was difficulty if the pipeline is not generating recommendations well because of the lack of analysis on the dataset, not knowing if there is an imbalance or the model is just overfitting. One of the main challenges was preparing the raw data files that had been created over several weeks so that they could be properly used as a training dataset. The data came in inconsistent formats and required careful encoding and structuring to ensure the model could interpret it correctly. Another challenge was designing a recommendation pipeline that could meaningfully respond to user preferences without having access to a large-scale production dataset. Additionally, implementing the NLP component was difficult because it relied on a limited keyword-based approach, which meant balancing simplicity with the need to correctly detect user intent. How did I address it/them: To resolve the data preparation issue, I standardised and encoded the raw files into a consistent structure suitable for model training. This involved cleaning the data, aligning feature formats, and ensuring compatibility with the machine learning pipeline. For the recommendation system, I designed a modular pipeline that could take user preferences as input and map them to relevant features in the dataset, allowing the model to generate suggestions in a controlled and testable way. To manage the NLP limitation, I implemented a lightweight parser focused on a defined set of keywords tied to known intents. While simple, this approach allowed the system to function reliably within the project scope without requiring complex language models. What I learned: Through this process, I learned that data preparation is often the most time-consuming and critical step in building machine learning systems, as model performance heavily depends on clean and well-structured input. I also gained experience in designing end-to-end pipelines, understanding how preprocessing, intent detection, and model inference must work together cohesively. Finally, I learned the importance of choosing solutions that match project constraints, sometimes a simple, well-defined NLP approach is more practical and maintainable than an overly complex one. Next steps: Change in Methodology Attachment/Proof of work:"
brian,Yue Jun Brian Tan,Week 14,"Week: 14 Date: 5th 11th January 2026 Focus: Change in methodology What I did: - I took a few re-reads to comprehend what was being proposed in the research paper due to its sheer complexity. - Paper talks about 2 sub task per level which are Attribute and Interaction based representation learning. Essentially a joint optimization task over all levels of the POI Tree. - The two sub tasks can be formulated as two loss functions with MLP be used in loss function 1 and Bayesian Personalised Ranking (BPR) in loss function 2. - The paper also talked about how the embeddings are built. Challenges faced: Understanding the mathematical notation, symbols, and formulas used in the paper was challenging, especially when interpreting how the optimisation objectives related to the POI hierarchy and recommendation task. How did I address it/them: I revisited sections of the paper repeatedly and focused on breaking down each concept into smaller parts, aligning the mathematical descriptions with the system-level intuition behind them. What I learned: I gained insight into: - How feature-based matrices and historical check-in matrices are constructed. - How implicit feature representations are derived from userPOI interactions. - How inter-level POI feature representations are built using an attention mechanism to capture hierarchical relationships. - How a POI context graph is constructed to model spatial and relational dependencies. Next steps: Understanding concepts and insights Attachment/Proof of work:"
brian,Yue Jun Brian Tan,Week 15,"Week: 15 Date: 12th 18th January 2026 Focus: Understanding concepts and insights What I did: - After having found and read the paper that is similar to the project I started pondering what other papers could be about there proposed using more modern technologies like neural networks or deep learning. Challenges faced: No significant challenges were encountered at this stage. How did I address it/them: Not applicable. What I learned: Gained insights into several advanced recommendation and graph-based techniques, including: - Bayesian Personalized Ranking (BPR) for pairwise ranking optimization. - Collaborative Filtering methods for predicting user preferences. - NGCF (Neural Graph Collaborative Filtering) for graph-based embeddings. - LightGCN as an efficient simplification of GCN for recommendation tasks. - PinSAGE for scalable graph convolution on large-scale item graphs. - Differences between Graph Convolutional Networks (GCN) and Graph Neural Networks (GNN) in terms of structure and application. However, after exploring these techniques I realised that these techniques are more suitable for task like finding next best POI which isnt what exactly what our project is about. Next steps: Implement fixes Attachment/Proof of work:"
brian,Yue Jun Brian Tan,Week 16,"Week: 16 Date: 19th 25th January 2026 Focus: Re-embedding datasets What I did: - Since the techniques discovered are not suitable for a textual-spatial with multigranularity system, I decided to pivot back to the original plan of following the architecture proposed in the paper. - I noticed that the dataset has a column named area_of_residence which is fed into the pipeline, where it calculates the distance penalty based on it. Which is a critical mistake that does not align to the scope of our project. Where users current location should have been used instead. - I had to recalculate all the embeddings I had due to the change in methods used, as proposed in the paper https://arxiv.org/pdf/2101.02969. Which resulted in me having 10 .pkl files just for Attribute based representation learning. Challenges faced: Having invested significant effort in exploring alternative techniques, pivoting back to the original architecture required abandoning substantial implementation work. This created psychological resistance and time pressure to catch up to the original timeline. How did I address it/them: I prioritized architectural correctness over sunk costs by formally validating that the alternative techniques could not support the required multi-granularity spatial hierarchies, thereby justifying the pivot. To resolve the critical data error, I refactored the feature engineering logic to ingest real-time user location coordinates (latitude/longitude) rather than static residential area codes for distance penalty calculations. For the embedding recalculation, I implemented a modular batch processing pipeline to systematically generate the 10 required .pkl files for Attributebased Representation Learning, ensuring each file corresponded to specific attribute dimensions as defined in the paper. I also established a versioning system for embedding artifacts to prevent future recalculation overhead and enable rapid iteration. What I learned: I learned that rigorous validation of architectural fit against non-negotiable requirements (such as multi-granularity spatial support) must precede deep implementation to avoid costly pivots later in the development cycle. I discovered the critical importance of semantic verification of dataset columns; using area_of_residence instead of current location represented a fundamental ontological error that would have compromised the models spatial validity and recommendation accuracy. Next steps: Interaction based representation learning Attachment/Proof of work:"
brian,Yue Jun Brian Tan,Week 17,"Week: 17 Date: 26th 1 st February 2026 Focus: Interaction based representation learning What I did: - I modelled 2 matrices: Feature and historical check-in matrices. - For better personalisation, the model should not only model broad stereotypes e.g. Young people like bubble tea but should also know local model e.g. John likes that specific bubble tea shop on the corner this gives me the user-poi preferences. - Challenges faced: Not all child POIs contribute equally when aggregating information upward in the spatial hierarchy. For example, when representing a district based on its contained POIs, some locations are more representative or influential than others. Without accounting for this, the parent-level embeddings would be skewed or diluted by less relevant child nodes. How did I address it/them: I applied a weighted attention mechanism with three steps: 1. Calculate initial attention weights for each child POI based on relevance or feature similarity 2. Softmax normalization to ensure weights sum to 1 and are interpretable as probabilities 3. Weighted aggregation to compute the parent embedding as a combination of child embeddings, scaled by their attention weights What I learned: I gained hands-on experience with attention mechanisms for hierarchical data, understanding how they can be used to model varying levels of importance across nodes I learned how to apply the inverse attribute assumption to construct embeddings for implicit attributesattributes not directly observed in the data but inferred from user behaviour and context This deepened my understanding of how embedding techniques can capture latent relationships in recommendation systems, especially in spatially structured data. Next steps: Dataset analysis and Visual mapping Attachment/Proof of work:"
brian,Yue Jun Brian Tan,Week 18,"Week: 18 Date: 2nd 8 th February 2026 Focus: Dataset analysis and Visual mapping What I did: - Used Folium (a Python library for interactive maps) to conduct a visual analysis on the POI_tree dataset - Mapped POIs onto an interactive map to simulate the actual user-facing workflow and visualize the spatial distribution across Singapore - This allowed me to assess geographic coverage and identify potential gaps or imbalances in the dataset Challenges faced: The visual analysis revealed a significant regional imbalance in POI distribution: - North region: Lack of sufficient POI samples, leading to sparse coverage - South region: Oversaturation of POIs, with many entries concentrated in a small area This imbalance could negatively impact recommendation quality, as users in underrepresented regions may receive fewer or less relevant suggestions, while the model may overfit to popular southern locations. How did I address it/them: Not addressed yet. This remains an open issue that will need to be resolved in future iterations, potentially through data augmentation, resampling strategies, or adjusting model weights by region. What I learned: Visual analysis is a powerful diagnostic tool for understanding dataset quality before building models. It surfaced issues that would have been harder to detect through summary statistics alone. I learned how to use Folium to create interactive, zoomable maps in Python, which is useful for exploratory data analysis and stakeholder presentations. This step reinforced the importance of evaluating data distribution early, as spatial imbalances can lead to biased or unfair model behaviour if not accounted for during training. Next steps: Final Product Attachment/Proof of work:"
brian,Yue Jun Brian Tan,Week 19,"Week: 19 Date: 9th 14th February 2026 Focus: Finalise product What I did: - Implemented prompt classification to distinguish between two types of user queries: o Category-based prompts: Users specify a category of interest (e.g., restaurants in Orchard) o Exploratory prompts: Open-ended queries where users explore without specific category constraints (e.g., fun things to do in the East) - Developed a category-based vector initialization strategy to address the cold start problem (when new users have no interaction history): o Pre-computed average embedding vectors for each POI category based on existing user-POI interactions o Mapped new user interests to these category embeddings, allowing the system to generate reasonable recommendations even without prior user data Challenges faced: The main challenge was handling new users with no historical data. Traditional collaborative filtering approaches fail in this scenario because they rely on past interactions to build user profiles. Without a strategy to initialize user representations, the system would be unable to provide meaningful recommendations to first-time users. How did I address it/them: I addressed the cold start problem by leveraging category-level embeddings: Aggregated features from all POIs within each category to compute representative vectors When a new user expresses interest in a category (either explicitly or inferred from their prompt), the system initializes their profile using the corresponding category embedding This allows the model to bootstrap recommendations based on general category preferences, which can then be refined as the user accumulates interaction history What I learned: I learned how prompt classification can improve system flexibility by enabling different recommendation strategies based on query type I gained insight into cold start mitigation techniques, particularly how category-level aggregation can serve as a practical fallback when individual user data is unavailable This experience reinforced the importance of designing systems that can handle edge cases like new users, which are common in real-world deployments I also learned that pre-computation of embeddings (rather than computing on-the-fly) can significantly improve response time and scalability Next steps: Nil Attachment/Proof of work:"
